C2ST,C2ST_Z,MMD,MMD_Z,KSD_GAUSS,MEDDIST,C2ST_1K,C2ST_1K_Z,MMD_1K,MMD_1K_Z,KSD_GAUSS_1K,MEDDIST_1K,NLTP,RT
0.52315,0.53165,0.0002142191,0.00024402142,1897984.8,8.888194,0.4885,0.4945,-0.00052678585,-0.0005502701,195861.8,9.0,-2.7315776,93883.83
